1|data:image/jpeg;base64,/9j/4AAQSkZJRgABAQAAAQABAAD/2wCEAAoHCBUVFRgVFhUZGRgYGhgcGRkcGhoZHBocGBgaGRgYGhwcIS4lHB4rIRoYJjgmKy8xNTU1GiQ7QDs0Py40NTEBDAwMEA8QHhISHzQrJCQ0NDQ0NDQ0NDQ0NDQ0NDQ0NDQ0NDQ0NDQ0NDQ0NDQ0NDQ0NDQ0NDQ0NDQ0NDQ0NDQ0NP/AABEIAIwBaQMBIgACEQEDEQH/xAAbAAABBQEBAAAAAAAAAAAAAAACAQMEBQYAB//EAEAQAAEDAgQDBQYEAwcEAwAAAAEAAhEDIQQSMUEFUWETInGBkQYyobHR8BRSweFCYvEVFnKCkqLSIzRDgwckM//EABgBAAMBAQAAAAAAAAAAAAAAAAABAgME/8QAJREAAgICAgICAgMBAAAAAAAAAAECERIhMUEDURNhFCIEcaGR/9oADAMBAAIRAxEAPwD0FFmTYcjWplYLimy5PApqomgYJqJO0SO0RUqM7p6FsTtED7oXtIMICVSXolyOe1DkKIOXZ1VsnQ0WpITzYQvAVKQnEWipTCSLKFCl0HrOZpEU0jNylFQNTdaoZURzipSvkbdErE4jNA5Jlz4UYvS51eNE2SmPRuqKG16MPSaCx11ZNurIS1caSKQbBdWXdqlbTCkUsI0obSGk2RM6NjlNGDanG0m8knJDxZFpMJupDCpTANEtWk2ZUZWXiV+McLQVFKmVsM4kx80D8G4CbFaxlFLkylFtkUpFIp4ckTMJ4YIHRxTc0hKLZXlAVJxOGcw8xzUeFSafBDTXIK5LC5MQiSEULkADCUBLCUNRYArk52Z5H0RswxISckilFsjPFkzmVi7DADvOvsq6q3KYSTT4LprkUFFKaa5FmQBpsl0T3iITZPVIyne5WBZ2dCbqS5rbqK4wU0wZxYjY+6Ze+UgMKqFZKqMzKG9sJwVCEy4yiKaJk0xCkRJFoQIAjaGx1QlCk9jToN7xuhNZC6nO6bFNKkVY+KiUunkm6VIHVGaTdiVLoasA0JQnDFSGsgxKldlaSUnJoaVlb+FKdGGUoASuqEBGTDFDAowiDE4XyEnaBK2OkAKYJsnWtDd0wXjmgdUlOmwtIllwXB4UQvXT1SxCyypv5pKrlDY8wjLypx2VY9mAE7oe1j6KNnSPenQZB13zokw9eLKI5yJjSVWKoi9lgHAyFWVWQSFPpOjVM16eY2tKIvFjkrRDhJClHCO6HzTLmEWIhaKSfBk4tcgQuhFCNlIkJuVAo2NQja7LeITraQCOoJbHJQ5JlqLWwDXTb65QFpiUCMUFsSs8qGQVLyynmsgJ3QVZCZTJ2spP4ZvJE8kGSl/EHkEWNJE1zyCi7YxCcc47whaWlTYgO2KbL5UlpHJK1jUWh0MNRuiEdhsgsixNDZSI4QlVZFCLoXIgwlFioBAx4Ikbpzib20qD3uHutcQYJvFpjZYD+8BwxY2mS+nLg9jtcwIktcYI10NrdVPyKy8HRvQVzmlZT2x4wGYYhrix9Rrd4c1rjfxOogHnyWV9nPaLE9rIcHMhge0mxaxuVsaw7mR+yUpqLHGLaPV+27pG4APgDP0PomS8yBuqSviqkZ3stAm5AA2tHX4qO3iIOWGnve7G94t52XN+Tt0rX9nWv48Wv2lT/o0uctubJ7t7Qsq3ibSJh0abRI1GqL+1GibOtrpbxvZL8h9x/wBK/Gj1Nf8ADTZxsUWf+ZZgcVZ/NJ6i/wAboH8aYIJLoBkGxEjzTX8j2mH4q6kjWsf1VXU4vRl3fFjHOdL22v8ABYz2s9on9nDHFoeMoblIk6kk72i3zTOBqvfh2Pd3XPPesBMTcR4Kn5e1wZ/HFak9/RtKuMuQ0aZYJBgye96BOPxTWtLpmATEXMCYE7qiZTxEWykBoI1uCDodza/iE8WYgAd1lyAImb6W268lPzy+g+KP2Xf4i7f5jA8YJ+QKfJI5LPtqYhhvTBsTZ2wt+q44iq6R2BJBhxB3gGDa9iEfkP0T8K9l9TrtMGdS5t7SWkggTrcFPsrtLnMB7zQ0uHIOnKfOD6LIV6r3Nb3HA+8wi+0nxHPxR46s7CgOfU7PNa5Bm0hoi5Ak36qvmvoPjrs1ZpzcEQd00QQsrhuLhraTWPZkpnuNa/JIawtyls3EOmDu0FWb+Ok5QWZe8M0jMC285SN5i52laR8i7IcPRajVPMBVRS4qwyeT2taAQSQ7KM8GIALjPRpKsaFdry4AzlIBjmRKtyT4JSa5JwgoMh1Q1pjuhDTrkWIU1oqyZTFroatMHaU0ypqle+2qmnY7IjmQuzwpIaIumXEK7smqGmuJKN1SJTT3QdEJMp1Yro4vKFKlVkcghGHpA0nZL2Z5FS6GrFN9kmXohDih7R3I+iVFFxWIKjZDyhdnTmdCTRLaYIaUmbb7+7JS9VmG4i12Jq0pEtYwgZhP8WYRqIzNnxHWKAtAUpCFJKADY9I8yULXRoo3FOJMoML3XI0aPeJ5AKW62FXokkxqgq49rBL3Bo5m3ks7jPa5nZNeym9zzqwggsjc2uPBZHinHK9YGaZOlgCcvgNtvRQ/LEpQfRufaf2jw9GkWveJeLMEOLhFrG0aX6rL+0fE8NiqlB1N0hrctm2c55AkwNQbarC8WoVnvzljzbWOVgPQBT+C4VzX0GkaPDndIDnKJO+GaJVyajEcGzvEyQGtbkOndmBABkXdafVNvp1aT8zntDi3KCcPTiBtLWybRq2w3Vzj8UGMc8XytzDxi1/GFkKPE3vcXPOYmXEESBblsudSk+TRqK4L7F8ZxOQBlRjswdJ91w/LAy2J66Kq4r7R4w5Aym5pYMrsoztdEd8nLM66GLqLWx8NJLGSJggQZ20OirWcTLQZ1Mj13CIpehSf2T6vtPjGuaKT6kNuARLg4iHZQBI+evgrvhfE8TVYJxDKZM9x9NgLTOxeJdNueyx1J4Ds7TcGTr6o2YtxIjbqb3n9VbVolS9m/biMVP8A3GGdMAyyjJOkzIM729FD4pjMQGHP2Li3Me61oLpBaMoFhrqNbKNw9jXsBidiQ4i/hKH8VSzlpzCNw90Ty1+4Wd7Na1ZOxnbVmMaHsYReZk3BAF9xI9FUHFva9mHLYay2YGZIB70xF5mNlPfkBgvcJ6k6KJiMdTaIa9xM7x+qaeqG6Ts21Atym8EU2Zhmb3AWmH62m5n+XosrxH24ZSrupGnmax4Bc3LmOUd4QZDpPUIMNjHuZIqvEgWDtOWyKthKZOd75cdS5ocfMx9wkopPYnb4NJhOI0qzBUY7uODgAQBeRDjeRuPExqFPY8SRnmTLQM1hAt1vJnqsS/AsyZW5MhuRkEEjS3l8FVY+mWPZkDAQLEMaIIOokG9lPxp8MdtHpL5aGlxHdac5hwvAuJ0FnLzb/wCROKOqVqZaT2Rph1MGIBLnNfHjkHwXO4riXgM7SzRlAhtmmLWbp3R6K4fwUVGM7RjXEMbqNLTaHDmdt1cY4O5Et5KkYPCYi0TGvwU7+1XywFxhkZb2B30131WlPs1TH/jF/wCZ0aETEn83yUWt7GgkuY4tDmDK3Xv5RGZ0yWl0k2kTbRXlFsnFlXieN1S8vzES6Q0RA6QdQtT7O+0bHPa2ezJsS50sMai+m/mVUYv2YLKQcM3atkEGzC0kCQ4kEENJMRtqdFVu4NUpio8kHKW5MsHPmNyIMtIEE2jVUmuhOLPVcNx+lUqPotf3mRJ2P+E7wp5nmvDMMHi7bHoZ+S2XDPaysymGFrHZAAJzZiPEG61j5PZk4s34xUOySM2XNG8AxPqnRUPJedcL4/X7Y1qlP3srC09yxnKG5tLjfmt7hsS17WvYZa8BwOliJCtSUuBO1yTYcQua0blKyoITFapyS3wVrkeyCfqiq0gb9FGNawujZiEVILQBC5qN5B6FNaHoqsnGmE+xsibV3lC5wiEyw3Ryh8MkOxQ5IPxabfTGsyo6VILY5g+P4eq/s2PDnQSORjWDurNeW4Xhb6Tw9lSHNhw7trHeTC1/DuK18hL29pJ7rmjKIm4jfx5qI+ZPkcvFJdGkCxGAbUZjK2Jc1mV4IEOJ/IATbk0b7q+HGBOR4yOcDl32tP3sstiq+JYwl7WANAvFjY2s/oo805axZr4IxVuaNMOOOM91vqVFxPtMW5gGszgEwSQPVefYniby896ztRsMtxaZiVHq4oAAyBmEZhedz9lYxl5L2ypS8XCianH+1tV7MohlwHOZvYgjpeNOSqn4kOjMSSQJlxMclRw8El1tYB300BUwi7d8w08dug2unJyfLMVpk4lt7aiD3jcDY8wlY7LYCByl31UB9QS6JibDk2bTfrorbC4cPGXMQ4E3gG1gLT4+qm2uTSLbdDFPFDNEfE/VSMPiGMdmhtrGAuHCTY54dfaZB0Oojf1SDg2ku1Dg6x94zDhe94tbRO17Lwl6B4pxnOMjBA+MfcLPh5EwdVe1vZ8hj3CpmyMc+zYs25vmVMxp3Fvu8JrjRDTumHQAcCHXHjzUarSA2kfRFUcRppz0RMJ3RwJ+iO6nrlBEg/v81GbQc3Q29DCs5MxFkDmQquiWi3wWNaGBgeA7w3jUlV+PL2uHOZzDQ+iY7LMZi4+7qQ0vaZDgdpPLwWdJMtStUwq2KJaMzu8TcgnlAnmmqrhlLiAY3Bi3KF1UBz8zvTUSnWU2EOEW6dBt8U+BN7E4djsrwRz0mR4eC0tDHMe1peMmky2xO4Dt/RY3DhrQRqCdCLxPwKnM4oQzsrETItofv5JSQQnjyadvEGZmwIBJEx8eqR1NlU955JbOgHyhZmo55E6t3IsRNhJ9EeAx5D2yY2/Y89ksXVpminZatwLZOV29wRyWidi2uAyjQNk6aATA8lkcTxF+Yk63s2L+ehTWH4i8tsb6wT+qHk1sHKKZrcRiC5ogwQ5pBFhYgxPIwmMPiXtkNc1zbQHQRHQ6g6+qzg4y4CHR/UwEPavJkSR025qcX2DnF8GtocRqw9z2WB7sTMC0gE3/AKJvFcQptyEgkOIBkNA3JklVeGxb2nK2Db3S4z92HxXV64exzHZRN5jQg6wbxzSVlXrQIwbJhgZBJI31M7BB+HyESwQCLwNuqqWB7HZIuDtpYC4KshxVwp5h3nN94HWJ0IWn7EKSf0aqrfRg9I+SChVbTdnAd3QZYHGDE6A73VHhuPMcYcHNPjedLEa/srNuOaRYzN9NfoUk5RfBbSki64PxhmJZ2jAQAcpB2MA7a6qdnXn+LxtWi3NhjlpD32NDQ6mYjMbGRYd7oqd/tRiRAbVf3ZgnKZnnI73nK7YzUkcsoNM9ZDgnGBeTM9s8WIl4Mag02QfGAhf7V4tzC01bOM5gAHDoCNB9E2yUj1t70253VePjj2Jlru3qHKbS4x5g2d5ypw9ssTaSwxe7ImxAnKRIvPkhNA7PTXvQyvOx7bYi3cpwNbOv/usmH+1+KIIzME7hlx4SSnaFTPTW1CEvauXl+G9rcSwgucH2NnAQevdhSf78Yn8lP0d/yRaDZX8Sx7iA4nKJgiNSP4tfBTOA8bc1w7zy2LtG5NgACNCSDIVNg6T8QXUhd0ktj0IF72BVhguB4pjcxpOBIzNFjBbcAgXB7sX5rljFdmmzS/2i05i/3jOo92wgX/TYhc/FdrTexrXvMQctNz4BtJgWOuqx/EalQPdLHsJghriSRMWLiBMfBTuC4+rmluYd2HObsALGecA3PJKW+i1KnSIWIotmJynfbTofL0TuEbD5LZZlMwJk/wCH72TGKcc7nFriBlnukNOe4dOwdeNjsnqOLLogXbsAYjcW6Ioi2mMY6u3M7unYAmZHLWI8ITpcwtbq0m5EWLRIzeP3dX1KhTqtANKSQC60zAsZJukdQoRBYYsIykRBsOlylf0aYtlL3M5yuPZy06GfdIGo6C+iusJjKbB3SdLd1x+MJXYeibZXeYcngaTRLpAIy3kTAmBzMH4hGnymV+0d6BPEWTv/AKH/APFOs4i02JP+h/0Va3izHZiGkzDRrJF9ud1PZjKUjWWiPddvB5dAk4x+yo+WT9FtwfF0D2zXn36T2DuPNnCHGzbQAsUSWiTp1Fv3Wp4fxxlKRTdqIuxzrDaYVU6nh3AtIsTJs+ZGl4lFpaSZLtu9FKzEZwGwIJ5cufNFUo5QSIgfYUnHYWg2m/ISHATqSdeuhiVXNxgsSBlIJBgXIH5QbGVSV8GbeyxwJZmgOl0XbHjuDbTdK/DOddrdRJB6agbX2us8cYcznNJa7podj4KypY55eCLgCDGk6/qhxJbYj3EW35HW2vVMds6TM/1Gqk4nK5+Yy0OkTydoCRyJULGNc2MxzA6Efra23qpSCxwvBBJUnD4nKNbWvr97qoqmdpuBAm/Kyk4aoLtbYzveNoKpx0IDFA5suYEzeLwAegj0XOaGhxElpFunL5qTj8F3e0Y4GwztBuDu6Sb/ALqBTpuAmSBEmenRV0BbYHEnLlDjFtJ1nUX2snsTTZBcJINg63vazpoeSr8HUaLTYEX30nTyRY2uQyDJGbum94Oh8tlKWwQ/TqkCC6R80PbSYG/6ndVjMSY9PgpdN7RDjOl9teQ5JOLsGSKrGAicxzEWHPpuLKwwIDgSBraN+ve2KgYZ8F4An+IHpqI5xb0K6niBEhwF7tuPGNkfQ4uiwFBznd2cwPmCbGx5xsplF7SYJIcBJzXmbG/O+nyVYeIZTJsRJBnW+nkhx+N7QF+W+4aItbQbAQn0UpEnK1+bJma4bEzf8utgeaqauLex7i2wMSDroJ101+Km4bElt567dOX3ZTcVQzua59OQehaYgTbnMeQQmuxJEB7nuY2oza7wDcePNpurDh9UkXInx16KsZiuze4AwGyA215naL2IupNANJJaCAYsTy08kSkorY8qLM1Ic17buGazhqNCB05qHicIx5lnvXJpumRGuQxfwSveC0umCNf187KPTqlwkTLdwdf3U32huRFx+AAGZhJ/liP1Vc8lpgiFowWO/LJFxJJBG2w8VEfhSQ5xbLWiZM2Ghv8AVaRm1pkPfBU9oTHwTgquAiT9/JTeybpl3hsa30mNVBrsc33mkRqtIyUhA53DfVFSeQYnVAYIRsfFoH30VAC5x0Tcpxz7WTfadUwLzgeGMuqBxkN1yh8CPeg2V1UxVVrA9svLQTBpNIdnvJAtvyPkrDhz6N2No2dEh1wRyPRXNKsG6UWbWg/C9lyrJ7LTils8t4jxB7zmfEgG4GW5idBESJhSsI84djXZ3Nc8HuxzBEn1BC9Dr8SY097DM/3KJiMWx8kULjTvvAmN7aaqm29UJ0ZTivH8ZUDA7E1XNEnUskQJaXNg7HXmqnDVXiuHd4GbkFxdPOdSdFt8S9jmOa6gAT/F2jt9Tlyx5FNVhhnAQx4eCTObMbkGPCR1sUJtIVoy1TilZlTMXBwlxgtdN5jNBB32P0Sv4m+qW3Y0EgFoY8yZ2zF1+shanF0cJUy58M6RFxUcPG0Zeeydp0sE2MuHqD/2THIxliUZKuDTJ+yux1NjGNZ/1Q8iSS7JDRMWgmTAHmY2mkdSc4jK57yL96BJAJDWme90nqtrjn0HxLH6QBnHU65BOp2TEYUW7F5Fp741Gl8o6qU3YnK+TJcLwud7mOBZHeIMBwMTo4i0g+qvsfgDmBY5sEDOCCXDutibxfnPopIq0nTNKbmJeTE8uuqde+loaINvzEbRGiTb6EqXBRv4c1nebVaTmPcIcLSYEk6gbxfkuquptbmLzlmSQMxAsIAETc/FXDizaly1cTooPuvLmNaGGxYZ+DgQR8UlJ9jbZlX44PzAMJMENcLkmIBPp81W1WuaRLS3yMG+vUWW0xDW/wAFGnTeJ77QcwBaWmDOt9UmPHa9mK8PDA7LkOQiSyxJadmgeS2jKNWR2ZLBYhokOaCCQTOltbJ/D4huYuy5WgmCJsBJEgHwT44RJdBN/BWPCsEKbXh9JtQOizto5EQf6JNoNFPh8e5ziXQ6Tdsa7kifBOvrMNM7FpmCbzaR1m6tBgKMyMOG+FR/6kpyhhKTAf8A6wM83Od81LcQpGTw9SHAnSfRTcXVa0utLjlIIOkiSfFXVPCgl2al3CZFMS0NPMOBkJzE4Ci4z+Hg8xUfe3UlO1YzP1MQeyyzMm3QTeQPL1UIPJt9fNah/DaRAHYXECc5nXeDr1TjsFRIgYaLRIe+T8U1JIWjNFpblkC0k31+ikcSqlzWiD+aY57Srk8LYY/6JPi9x9bqzptywBRbAAGp9JlLJDVGIpEQQY5gkGRH10XQSLwdJutXieHtef8A8Q3wc4KK3ghkHLLQfdMx105qlJCdEFmIc2m1wbeQ0RG94jXQfBNY+mC9xa2LS4AGxi/xWhbgJLCaTXZLAGRA2EgyQF1bBMNvwzPEOePk5JNIejLPrS0M0g6eS13s3gWPZkebuY8dRIP0BUVvDIc12QW2MuBHLvSfirzCWObs2gwRIBkzrJlEna0EWkzsVw5je9LYBJiLGGuIExzlZV/Fe0fLe62Ije+pjwAWvfmNmsAB1u4zpa7rePVMtwjQ4uGGpTzyD18VMYsqUkzF46qO4XiTDgdogi3xTuBrNLCC4yCSDr3RzHkfVbFrHgZRSpR1YD+q5nDxfuUr7GnI5aElNxtU0Rr2ZDEUyTNi11wdv2Niuw1O5H8rtOeUwVuOyfAAbTAGkMAjnF7IHYV7rks8qbdupTjFpVQKSRhOGV3QYJgk2GoIvI5qTgsW51bKGEyO80iYH8RgLV4fg2V0hwBOuVjWz4wFY0+HMETmtG8aKsbFaKrEYOmGPZTYGvcLHr4gWVa7gtaoy7bkRe2xjX/KtiGN5I5CcYqISm2YF3sjiObT/m/ZcPZLEHdv+r9lv58fRJn8fQq7J2YYex9b8zfX9kX90K352rcByTMeSVgRMDhIM2Vo0IKbANE/KSVCIWMw2eLlM0cLlsrByBzU6QFbXws7qO7h45z6q0eE3CWKCyrfgj9mULcKd4Vm4IIRigtkU0PBd+HbyClZUJYOSMQsiuoxoELmFSso5JQeiTjZSlRHawwoj6D+norTyTZU4IeTKtuGfyaidhnxfL8fqrGEpCMEKyrZgZO3l+6dGAI1t5/opxCUBGKCyK3B/crjhOvoSpwaiARigsrjhAP4j6lA7C9SfMlWhahydEYhZWOw/wBmSm/wnX79ValgXCmlQ7ILMKB/ROdgOSl5V2VGIWRHYYHmPMrm4UfmKl5V0KlFCI7aCXsAn4SBOkIa/DhF2I5lOIk6FY0yn/MfQI8g6/JElRQWAKbevqnABsEgRAJgEVw8EgCWUAE0og5CEqACXLgEqBhArkkrkhhJF0rpQA6CnGkFNOSlMkNxCacUjkKAEcgIRJCgAHBNwjckQIRCUv1SH6pgNlIiKEpMZyTL4pVyAEhKAuC5IYkIgFxXDdIAwihI1cgYUJCu5pEgEXQuciYEACFy5KUACUkIkhTQAFKEgSpknIkKVMBUoSBKgDglCQJUAKEQQpQgA0qBq5ABgoghCUJDCCWUAShAxZXLkiAP/9k=
2|data:image/jpeg;base64,/9j/4AAQSkZJRgABAQAAAQABAAD/2wCEAAoHCBYVFRgWFhYZGRgaHBgZGhocGhocHhocGhocHBoYGhwcIS4lHB4rHxoaJzgmKy8xNTU1GiQ7QDszPy40NTEBDAwMEA8QHhISHzYrJSs0NDQ0NDQxNDQ0NDQ0NDQ0NDQ0NDQ0NDQ0NDQ0NDQ0NDQ0NDQ0NDQ0NDQ0NDQ0NDQ0NP/AABEIALcBEwMBIgACEQEDEQH/xAAcAAABBQEBAQAAAAAAAAAAAAAEAAECAwUGBwj/xABCEAACAQIEAwYDBQYEBAcAAAABAhEAAwQSITEFQVEGImFxgZETMqGxwdHh8AcUQlJi8RWCkqIWI2NyM0NEU7LC4v/EABkBAAMBAQEAAAAAAAAAAAAAAAABAgMEBf/EACQRAAICAgIDAAIDAQAAAAAAAAABAhESIQMxE0FRImEUMoEE/9oADAMBAAIRAxEAPwDgsHZUsJmOY6+Vblvg9pxOZ0k8wSAPatrgvDLbnRJAghyMpaujvcKVU7nsfxrplOtIzjH6edcW4J8IBkfOp3IB0Pj0rIIr0C7grjNMZTGveBFcrxjBOj99QJ2Iq4TvREo0ZK1chpvhiKYgitBE3qraphqcigAnDNpNEos7GazkuRpyq5HI1G3hUsZZeQTpQV9Na0071D4i3rH1pAZpSq2WjXtVQ6UAURT5KmKkE6UARRKsMRVcGlQAiaQM1EiomgAm3b503w6oVyKmtygC3wqi4KtFymfWgAYimirWWoxQA1KnilFAETThKkgp2oAiRUctWKk0mSs5yascVZWVpoq1k1/X31F0PmaiXJ+OilHZXkpVP4TUqwykVR7Vw/h2SNc0aD8qNxKELQWM4kLWUshykxmBmD0I5UDiONI4yoTOvnp4VpTY7RTxHFIol1J3Ejlpz60Bwjh372nffQaRHjvNamA4JfvyXyqkSJmT4Ry9a1+H8ICAZWAUbrG59/xqsklS7Jq2YWC7CWxcLO7tb5KsA8t2PLfYUfxTs9YNsqtsIRs+Zi3M65iQa2DcKGOVJ0Z9RSc5N9jxR5JxHg7Wz4DmQQPsrMMivcnwykEOgIIgiBBHOuB7R8ARHD2kHwwIdZ1XUy2vKK2jy3pkShXRxYepJ4V1HFux7Ii3LLFwROWJOuukb1z2GwrO2g2MEE5fTXarUk1aJcWhLcI5VcL4bfQ1v4fhlhwEAJK6FlMa9COfnRVnskjIe+SdYOkeAIipc17HizkHNUvrVmMstbcow1BqkOKoRWyVDaiQo607W+vvQAOCKkbYI0qbWSPKmQwaAB2WokUTdSTIocigCEUqnFNFFAIGpKaaK0+CcJ/eSyKYYQR5EwaHrYD8D4Q2JuqgkKSczwSFAE+/413+K7IYZFyorZiuUsTJM7nXQego7gHB1wqhZkxqYj1rVxAWAZnp+dYylb0aKNHj/aDgv7swGdWDTAAMgCN/frV2EwNl7a3H7iopUmTDuDJLNBIkGAqqTpWr251dFgk94iNQBz9a5V0Yad4oD3Wg5T1IO005K0t0JOm9WV3guc5flnTQjTbY6++tP8LnTGrRdPSt0jOyta1eF8JN3vMYSY8SeQGlT4Nw8XSW3yxI9/f8q6TD4rUIq9fMeIqJutIcUcx/gbHEfCLQu+aJIXrHWtu92PtW++11ioglYEnbXwETWg4umfhp3jALEiY6bflT2bdsBrbuFLEE98scgAMmNBPM/wB6xlyN6NEkZFq1gwB3A3j18fnpURfbDIxVWuwNsgYr/lMajxpVlZR3CX7ZiSKLtW7Z1QKD10ryjDcZuIIBkeNbGC7Vxo6+q/hW0uGS6JXIj0tbxA1NNZCkb1w69pkbQMfWirHGeYMis3CS7KUkzr7uFkSBWa+ZZ1oW32k0gihcVxgNtS2Owl8U5MTUhgzudZ/UGstOJ61oWeODnQIutYbIO6oUakgbGaF4ng7N8At3XGzCAdOs6H1ot+Kow0FVXES4pXaZ8x+dCYDYDgttJ/izbzB9qWMVLakggQOtYfG8QcOwS0WIKgxMxG51rkMXxF3fMx9OWlax43LdkylWh+0YDXcyg95QT4+PtWKa1cVjiwGkHmANPMdDWW1bxVKjJsdHirhdih6krU6CzQw91TvUr2HB1XWgast3CKVBZFlioPb50W65hNURFFADZadkq90mmC1VCspy6UdwO7kvIxbKBqT4dPsqr4VUFKKsVnZHtafiyAShEGNdZ+YeFdDd4qpQfykTrppXl1tTNaOI4g7lRrCgADyqJcSfRSmz0LDMjAFVDP8ALOk67/rwrnMRhcRexCYR0y2rYZ5BAGQs0FQNNWMARIoHgGLJeSGYrmYwY32189K1sNjLjE3tA6qyKCCZAMgHWd64+ZKMkm9o1g3Rlcd7JPZ1TvoR4Zh4Hr51z72CpM8q9J4JxEY1HE5HXRkOu/MHmOXhQt7sojorvcKOyKY0I25jr610Q5vpEo/DiMK5XVSQTIOnhy9zWrgrd1GWUOY7TsAK6zAcOt2woCiRsY18SedFXLasRRLmT6QKBnpZXIQ5nQk6eu3MeFYGKT/mSlsg6HO0AnUsDGxiYg10mJZV3mOsSPWNqFxYVk7jjw/q6xO48RWLSkadGd8BRu5Hh3dPDelWdft94wDHKJj01pUv8GZOUVfh8KzmFE89Pzq7IDppU1sldVJjoNDXa5HOkQxeEVACCRpqGBHtSwl14hCZmYnw6Go4jO+5JA68qGUlTI5UVaC9hTcQuq3eJB6EUWvGRGo1rKv3S5kmTVQFJwi+0GTRsDi69DT/AOMgcjWKymmil44jykdVhuIhxINTPFcp+auTVyNiRTFyaXiQ82dFj+NBwREyINYlzEZtwPD+9DhiKmHB3q4xUeiXJshNMyzRNvCltjNT/cXAmnaFRnlKkqTRRw56U4wjchRYA62jyqdsiYYRRmHYodQDRN9bdzUCG86VjQ1jDJHz70nwaNoCfPaaqFjKpOxFK1ezHWlQ7KLuCZeWnXlQ7JFdBnJEcqCxeEO4FOL+iaAEblUblvnU2tEVJTV0SCgVNLZLAKCxOwAmfQUQtoE6nSqsbYhDrIPSfrSk8YtglbNjDYmxhrbB7i/FbdFOZljYHJMHWdSKGTtCyqfhWl5ktcccv6FJY8zvXONcIAAGm8AADfmI1qWDch9+TD6EV5kvyk5M6UqVB+B7RXcPiBfMMGEuqgJIJIIWPKdegr0TgnH7eJQBHDZRqjQGXpK/eNK8ix47qHz+3860Oxp/5+m+RoPTVdquPwGevfEUdKTMsTXJPiCJJBMdNz91UYbjOYkEkc+XXpEDTLVSpOhJmrxjiDBDlsl1B0MiZBGoWDIn3isTiVpzZWQVOctLEIVGwYwxE7671di8XdIOQ5PHc/l6UK9suiq5LxrJO56wKa43LoTkkZv7zc8T47z6zrSoz4A/RpV0eL9meQKmJIom3xEjlQWWlFauKZNs0xxFSZyiqmZG8POgYpUsUFl1yz01qhkNFYHCPdcIglj4x611NvsXcABZ1fqoBEf5j+FTKcY9sai5dHMcL4devEi0hfKJO0DzJMUsThWSBctuhO0iJ8R716dw7DjDW8ioQDqSBPuaru8VttIZJnSCoP21j53fWjTx67PLginbXy0PtUf3fodfGuv4rwZLpBRBbXXVRufEVyuJtsjsjax1BH261tGal0RKOPZQ6RoR6j8KrKdKIF3+x/GosgOoq0QVIzKZBI8qOs8QnRxPiN6E1pqGrC6NEuu6tSJB/irOinFGIZBrWDVbWyKpVyNiasF5utPFisIS6Yg60O9uDIqa3vCaJtX0/iBBpU0O0yGGvMOVHDFAiCINUO6NsRVDWekUYp9juh8Qk8qEK1cUIpEGriqIbKarxR7jeX30UtsGtPCcHVwS7d3QQp3nnMaVnzTjGDyHBNyVHGXhoviPvNSwtos4hWbXWASY9K7j/CLCjuoDBgTLQOms6zR9pFVYVfuHsK8h8nw6zzviXC7q2wxtsACZ6jNliRvyNR7KMBiFkxIcf7Sfur0DEI7KyKB3p5T5VyOJw2S4GKQQdwOcEGR+t6145q9ifR0zMvUH1oW/hUYaMFJM6VnJfUx1PSmuYqGgCT512ylxtbZisr6NJUyLGYHSNtvICsEcRZXgnuyRrrp10qs4x2JEwTpGggbHlT27CrLGHOsSI8Rtv+Yrnc7f4ukjSqWw5sZ4dNp6Uqxfit/N9lKl/IY8UacmlFWRSrvOcqIpwtWZafLQAbwTGLZuK5GxM+xA09a7nh/FTdkqvd3lmA8tK86Aq61fdflYjyNZT41LZcZ46PScTi70ZVUGeYaarw+JKDLcRV3OYgSfWuKw3GrinUk+sfdWsvacQJUz5A/fWD4pL0aqcWb371h3OuUR/VAJ9DXL8ew6Pczo4JjYCdp0JFXWeI4UtmdDm6xA9gd6F4hxRc2a1A5HTcDr4+NVGMlLSFKSaMgYZWzAjKwEjx8DTpwa42qgEQCCG3np+daq8c1nIp23rSw3HbarlKqNzoNJ6Vo5TXSM1GL9nFshB1EH2pZa3+K4q3cfOddIyjQabaisd0E6CBW0ZWujOSooy04SrclTtEqZG9UIe1w92AKozAxsJ328qITgl9lLC05A30Gmk7b1r8K7QG0e8gIgaiJ0+6iz2m1JCQSCDB386yc+RPSNFGNdnHhKcJWjimDuWVYnU+f3VQbfhWylZm0DhKcLV4SpC2elVZJSJqQBq8AjSnCmiwHwuCZzoABzYmAPXmfCtuzhVQaGRprBj32+tZGGcqwPLn5eHjXcYHs78VFdEcq4BBa4iyD4KrEV5/8A1xlJq+jo4VGv2c47jbb1X7pNMbq8h7yfaSPsrsz2ZCKWYYdAObG4/uWZV+lEcP4bafRMUjHmLPwR9QCa5FBG5xuH+JEJZdp6Bo9MgB+tcjxC473XLaCTpJ0I0jvEn617ieAWj85uP/33HP0BArw3GkWz3jzI6zG9ViqAFI3J6HYe3rVGEsPcY5QYGpO++25+zar0vBmA7oHMzHnRl3iKWxlUd3aR66wRtp9aqEU3cnomTfSRh4pQGBgyJn30HjvVlt1YcyxOukc/PTXmatvYkN8wOUkAagaDcmBrt9OdHXuHMhARRHd13zDnJjTce1JK+gejIu4JpOgHh0+tKjmvXQSADoSNBOxjfnSqsV8YWwmKfLV4sjLzzdIER5zTC0elduSOfFlQFOFq4WvOrrGEZzCqSeg+3y8aM0PFgcU5FFDD1NcLS8kQwYIVpFaOXCT/AGmnGEo8sR4SM+KWWtIYMeFXJhViO6Oc89OQo80Q8cjJyVdhsKztlQSfQfU1sYfClm5Ny121o+zwZlXOpE6yA2oA66/SofOkNcRkYjs9fRM5UERJgyR5j8JrLyV0z3WBgu3vQxwqHU/bShzP2EuL4Y1glGzACR1E0YmKXMGa0hjoIB8xtRRwadfrROBtIjZsgYgyJOxFVLlixKDRn457T6omRgNgND+FBC3XVX8WLkq6W4Jk6bE85GvrUcRgsOQTnggaBFMHzk60o8ySrYS429nMBKkErYt4Vf5Z86vXh6Fc2VsvXlWnmiT4mYOSpC3Ww2ET+9N+6JGbxiJ1846U/NEXjZlIgOnOa1bvBHUErlcCOYB2k6E1IYVRyPWrSUIAM+YH31EuV3ouMF7Mog9Irt8X2oTAcNs3CM1xly20/mbWSf6VAk+g3IrHw3DEdWbPECRMa+B6cveub7T3Lz3baJZW7bt2VUhwYUu7MxJzLlkBNTp3BG1Z8s1JUXCLiwHi+JOIdLt698b4oe2Jl8rtlNu5as/+WVc5GSNkOrFwxE7QqiYnEsVyNbVbaJBRhcYAFxGwQZ2BB1JTcGsC5cJYlJXvFkAJGTUlQp3EcvKjuJAHPdbEZ7pusBbEscggrcNwtAHIKJjKNuWBqeq/s87V4hhbsY0NNyRYut8zkLmyXBuGKyVYwWA56FvNe06kYq6CNEdlHmHMgef3VoNw7EXLScQa+SyKbyLk0U22LQDnGXvJJIXU6md6D7TlWxeIdHBR7jMoEEQwDaHludKmTpCMvCoS+URLT83jrHnHQ8q6jA8Ge/BVQxUMznSHGoy2+vLpyrncAVNxF3OZAeW7AaH767XiWOfC2gyJoSFnKRl8cw66CPrRHptifZzmNwhDC26uFMGddM0kR9dPTlVuGwZyiLkJ4cp070cpCgcq6a2t3EYYaQ2b5+6GU5tdCNtTVCcKdBlZ9PCF5+HONPuFawq9ktMwMTcYMRqYjUDfQeNKul/cuhH+tR9I0p60yf0VL4YZwy/zfr2qlFblQx4ioiZ11GlIcSTr9DUKT+lYo2yi5QNcwGpBmT5RAFPhHyzruIM9PfXasdMep2J9jV4xRIJnYEx1ggEfUVHrso0XumR3FgdBv/3czU7+KLgSigDSUETWbbxGYhQZJIAE8ztUv3oAwTtp7aU9C2G4e53hBbfvCQJH8ulE3Ph5u7mA5yRp1j+9Zv70Ou9Ol7MCR3gBJ5wNpJ5UntjCEUEnvgdNCSfaq3BG9RggnumQATodAwBUnzBFQ+OBuQOYkjYgEH61Vk0X+R+0VrJxWBARSIiSMx9SdKxVvhjoQfL8qsXEQY8Np06beh9ql7GlQVeuK7SVCCNlHPXlNDFKRcHceHT7KWcTt6VcXRLQ4UfqKuslQwzAlZEgHccxVBYdNP1zqSOCNKpsSRp3yrtmXKBoAg09JA18zUruGIhjlGYxCkGBzOmn1rNVqsVqin6Ks0XS0AQHYtr/AAwPAVRl0GsjeAZiOZFUjEEQOQMx4+1TN+dwPrSVj0Xh1I0DTz2iacPIiPpzqj43gP1502bwFOhWEO67NM1Yrr4+1ClweQ9PwqVm6FMxPrTrQrYVh2Ky6KCANZGlBY/AD4lm87qlpkdv/Dtt37VxgwDupKHI6aLqQrRtUvinkSJj6bHzrr+GcNTE4Fbbkqc7FHEZkdSWV0nmNfSamS0VFnhfGOHNZuOBJQMyq0GNDqpO2ZZysOTKaDS2WBygmAWMAmFG7GNgOtekdpOAYuzbt2TYL2kayM1pWdWVC5dmTV1YyhIIOzGTWQ/CcTcxavhsNdGmVottbUQWT5nULBQI3PUmRvUFAGD4PhsStpLDP8dzbQqQIJYgOxEkrC5mkEAgaAagFftGwgTG31RYnIwgcgiyP11r0vsR2JXBs9+4EN99Aqg5LSndUkyZPPkNBpvx/wC03CFsU7KO8AjDxlApH0+lMR5zwtv+ahzEQyddYdSVNewPiyEA7pUaFWKmdZGleX8PwjFwzKVVQDqIlwI0/HwFdx+9KRIP3+lUkq2JvejQbFMNAYHSVj0qJvxpmmd5ANB/FDCQZpjcP6/OrSFZfHh/t/KnobN4mlVYsVo4QXiQSHdZWMvzSZnkKKs3REnIRG7B5nXQ5Qe9p0rFOYdfeatzkoJPM/Yv51y6NU2aq3TJJdNToBniCACC2QHcyKOOKs5Fn4jOqgN/EjEa/wAWVuZ3FcyjnYa+3pVpbKIk0aQW2btviYtqcmUMY3mBGxEHRtvrVDXM8B3UOzT3CpCyf4mzQOvoKwr16R5n7IqD3c0jeRFOgs7PHSmZc6gxIie8xbUMQBtBETFB2sRk+IEcqriHQAZdPlIWTrqfc1zlvFMYUuTA5naOVXWr/fGkyQNz91K0mJt0bubGsrOAzKQFzF0AIVgQILA7geMVvYXhd1LLPeyFAikAO85iikSAI0BGuuo9a4VnOgJJEkgHqTrH0rW4Ri8ReZrSXcoIWS5JUZSFVdesgegqdt7GmbXDODvdRnQoSrfK1uQSQCNS0D251cnZ7ET3rS/xTldAPCQInSdKzsHxVsMtyxbe2z52JLlpBVVUgAb/ACEztFWYrjeKuW8ma2DuWR1VjBBAHe0oaHYuJWkwzAZC7nKwVnIgbqVyyDIP2VchUoGRGRc2zqWOYwIhl12+hrBOGvtcV2GYLEd5Se78oHe8K1sTxfGOe/bYqNSAg1O06DXck0OxJkF4jazkOGLksS06SZAGQDSNPblV2DM3SjJKkBswJGXbQmApM6QeXlQGJxtwWwq2WDQ6zk20EPPWYPvVeJvXWbNDga6Aneeo8Z96Nr2O0bDqitEustEEA6EBQerf/nxoa3eQZy93WQoU5wQSSSVynoCNRp7VjOt1zJR2EbtJO8ZdaMXA3XUAW4g94wdemw0ApW0uwdekHW+IoASCGCq6iXOZiZOYjmwmAeWnSpIhyBzeYAgOSWlVSegO/L7qybnDLqtBQFY5Hz089PqKvw9i8qMoRQCQY1ziNNOWXWTz2oykLXw1Q4Aj4x0gkgmZMAaMug73InlVnaJ/gtaCOwDqcxYk6jJrB23OlY7W7r/wkqOU7NChvsX2FX4nD3ri21bLKBtSRPeIIU66xAE08mnsKXpFtu+8K2Z2UqZGZBqQQGGnIwarxGMvrJGcgSNSm8bgx1+lBpwq6AO8vMwW2/EUQ2BuNoz24mQS2xPhyocv2NJfCwY15MO+WdJySRy2B1r1r9nF3PglJJaHuCTE6Hw0rxtuGsok3EEazz6k6azpXr/YNrdjB20+IrlszkhkAlzOUKWzaCBqJ8quMrE4pdHYVE1XavhpidDH0nSN96mrTyIpiEa8v/aNbjFKettD7M4r05r6Ddo85H21xHbrAJde2/xraAKVOZ1H8U6a+NNOmB5y1FYR/mmIGUknQAEMCSfQUZf4fZH/AKq36Kzf/Ca5/HYJS5KYjMpH8jr6a8vSlNpxFHTJYziz2TlUAqRM+JJEfT61UvaR+a8ugj3mqv3EaS+b/L9kipnhifzkbfw1Km0tDcU2S/4jbmv2fjSqP+Gp/wC4f9P509PyyFijNt4FAdSIO8sTHl3aNtcNw8N349/ppQgWpxWbsq0aeG7PIQGDELGYMcoEHxnWmPDreolojLoiGdNdc31oNX0ggHSNhSWmmJhf7lZ5ozAnWckjUyxMCfKSaIs2bCTAZZ3gos/SgVohI6VTkn6Fv6W/DsTOSdf51BjzCmomzaGoSDyhyfsAqq/cCqWOwBPtQ7XCrKOWs7a6H74qdfB7CWuqoHc9MzR9DVaXk5WkGs/qSdfGqnccz9aaxBbKolokAA6ifzFRRQTdxhnuonywTBJ1BB1G2h5VlFGU5k7nhqR7EmtpOGXW2WPFjH0Empf4LB75LdMqgfV2j6UKSXsMWwbh+MdnCsLY3lsqgCFJEgjwrPwmJdGMmfdgNdxG1dPgeDovzJp4vr7KABWgmBtgaIv2/bR5Eh4NnMW8ZffVM7DXbMV+gI9607VrEr3sk8tSJI5SARPrWscKh3E89SSPY6UQgA0A09ql8vwagYCY9kMujA88wkba90gDfWovig5JNwg68svLoAQPcV0gPtVT4VG1KLO8gQaPLfaDB+mc/wDursdGLA8wQw9wx184qOKwhSAHDknQKST1Mxp7E0ZiOzlsuXT4infusp11M97bWPrVdjA3w0ZyV5B1nb+rMwjerU4slxkZoUCeRO+sbRvT3rY0IEHrz61tPg7xBDIraz3HjoNnDD6VTewQgZrZUidch1k9ULcv6RTyi/YsWZQSpFNKNHDgflY77Ahj7SD9KHFvQsGEAHcgDQkc40kVVE7Klt16x+zhAcHBAMXH3APJT99eXWrNwkAJMzGm+hOh9K9V/Z7hnt4ZluJkJuOwEgypRYOniD7U0CNnjGGQ2Li5ViCYAAGbkfOY18BXjPYTit1sdhka65RnMgsYP/LYif8AMAfSvbceJQjrA92Ar597CvGOwp/6if7hH31RR79dwisxabgJ1lbtxR/pDZfpXCftIslRZ7zspNzRmzQRk1B35mvQj+tq4f8AaWs27R6Ow2/mWf8A60k9jPOigNC38WqHKQetEzrWRxEzcj+kHbxP41Uv6mfsd+KFTyiaLw3Eg5hlyg7GZ96zRhUGpk/f4VYxjYHp09zWHkroqrNj4yfzD3pVj5/H9e9Kq8r+CxRIVKnVD0PtTSOtDYDiprTKh/UVFiSYUE+9S5IYQrVedBrp4bn6VRaDrply9STH13q7D4ZWaCyuxMRmn0319qzcmylFsBx1wlcoPzMoiOUz91XYm4CV7hkA6wB4SMoE+vWjb+GAAXKBrmJzAAESACI1/Ons21LZhqdddAI9qM6QY0A4PEqrmUBA0DONF1I2GnrE1r2mCsHa2kxAKkgwYJgExuB7VlcVwpDZlPdYjrowJJ39as4fi9Aj6zIQ7TB+Un76GnKNoa1o6ZcQHEZip6aA/nU7dlRrEnqTJ+u1YK4bfMB4eXidvpWhaxbKAIzACPHTxrK6NE/prAGpUPhsSH+XluDuP14USGpgOmu1SCikjEU4/vSAbLUstKnWelADZKbLV2WmHpQBWEqSg0+bpFPm8qQAnFmixdOxCNB0mY0j1iuBtYpxsxUTBGoBHeInlALGvR2WQQ0EdIoG9wmyw+SD/T3fsq4zS7FKNnIpi2lZVTGxESJ2211/DrXa9ke1HwrbW+6GZ2aGaIhEHJSeXOsa92ZQmUcgzOuo02qux2eyanXyHSrzVaZKi/Z6Pa7QF2CMUgjNOoAyMhMknUa+G1cTgex5s4i1dt3kuJbdHhQ/yqwMBoKTH9VZ+LwwRkIzQA2ozSDoRHTnQR7Q3UARXeIgZiCNBtqCR71UZP6Ekj2PC8fR45HXQ8ipgj3Fc9+0bFK2GQg7XV9ij/lXmtjj91DKuOZOYHcxI9Sf7VLiHaB79s23+WVaZ1BUbbc5NOMpJ7E8aKUxQY6Gg7yzeGsEo3rBmP10qNpsg0Wd9S2vkQF61O7qwYiGAI0OgmJMBegrRztURWwe45MZgRMECOokGkxjZvMVcyZmBZgAInU94CDGiyOk+NU27KqZDg6mQZMRO5C8z9oqEkxklWeX1pVoC2f+l/pb8Keil9HRWbjRGgHQbn12qu5pofoaVKswbHw6ZvCtG1aCc994pqVDLitEMWEcBWtqYmDLg6nnlYA+tU4XD5WOVEmNDGq+ROv1pUqVuhewlMGSZuNJ9/1vTuokGcoAMEAE+lKlSGuh8HdVsyaxzO8+OsVm4uxkdVJkQ3LlypUqcOyX0X8OxZ0RtRrB8AToa0VvydiBty395pUqJpWNMJWzqOR/XTzo7D4hho2vjz9aelUlhq3AeVEW3HOmpUgL2GmgHtVcHnSpUwEp/Riq7qA7j9elPSpASFseHoKRtmlSoYEYilFKlSAYmol6VKgCJaaGvYO23zIp9KVKmBn4ns7ZM7qfAz9s1n3Oy2sgiI/W0UqVNTkJpED2befmHX9elMOzLH+IbzSpVWTCkSXs63849qR7OaRn+lKlTyYUhv8Ah7/qf7fzpUqVGTCkf//Z
3|https://izleti-srbija.rs/wp-content/uploads/2021/01/Fruska-gora-panoramski-pogled.jpg
4|https://luftika.rs/media/2021/05/prelepo-jezero-na-Fruskoj-gori.jpg
5|https://kompaskazesrbija.rs/wp-content/uploads/2019/08/Ski-centar-Planina-Kopaonik-Leti-vo%C5%BEnja-%C5%BEi%C4%8Darom-scaled.jpg
6|https://images.gorskihotel.com/1601116410/desktop/gallery-large/1632kopaonik.jpg
7|https://kompaskazesrbija.rs/wp-content/uploads/2019/07/Pali%C4%87ko-jezero-Slobodan-Boto%C5%A1ki-1024x616.jpg
8|https://sanjatravel.rs/wp-content/uploads/2019/05/subotica4.jpg
9|https://upload.wikimedia.org/wikipedia/commons/thumb/c/cf/Novi_Sad_-_Vojvodina.jpg/640px-Novi_Sad_-_Vojvodina.jpg
10|https://www.gameoftraces.com/wp-content/uploads/2021/01/Novi-Sad-photo-Jelena-Ivanovic-3.jpg
